"skill_code","skill_title","bank","question_id","question","options","correct_answer","explanation"
"AC9S2U01","Earth, space and observable sky patterns","practice","ac9s2u01-p-001","Which object is the planet where we live?","A. Earth | B. the Sun | C. the Moon","A. Earth","Earth is our home planet in the solar system."
"AC9S2U01","Earth, space and observable sky patterns","practice","ac9s2u01-p-002","Which object is the star at the centre of our solar system?","A. Earth | B. the Sun | C. Mars","B. the Sun","The Sun is a star. Earth and Mars are planets."
"AC9S2U01","Earth, space and observable sky patterns","practice","ac9s2u01-p-003","Which object travels around Earth?","A. Mars | B. the Sun | C. the Moon","C. the Moon","The Moon travels around Earth."
"AC9S2U01","Earth, space and observable sky patterns","practice","ac9s2u01-p-004","Earth orbits the Sun. What does 'orbits' mean?","A. travels around | B. stays beside without moving | C. makes light for","A. travels around","An orbit is a path around another object."
"AC9S2U01","Earth, space and observable sky patterns","practice","ac9s2u01-p-005","A sky record shows the Sun low in the morning, higher near midday and low late in the afternoon. What changes?","A. which planet we live on | B. where the Sun appears in the sky | C. which star is the Sun","B. where the Sun appears in the sky","The record describes changes in the Sun's apparent position."
"AC9S2U01","Earth, space and observable sky patterns","practice","ac9s2u01-p-007","Which activity lets a class track the Sun's daily pattern without looking directly at it?","A. Count classroom lights at several times. | B. Draw one cloud at lunchtime. | C. Mark a fixed pole's shadow at several times.","C. Mark a fixed pole's shadow at several times.","A fixed pole's shadow changes as the Sun's apparent position changes."
"AC9S2U01","Earth, space and observable sky patterns","practice","ac9s2u01-p-008","A fixed pole's shadow is long in the morning and shorter near midday. Which change helps explain this?","A. The Sun appears higher in the sky. | B. The pole has moved closer to the Sun. | C. The Moon appears brighter.","A. The Sun appears higher in the sky.","A higher Sun usually makes a shorter shadow on level ground."
"AC9S2U01","Earth, space and observable sky patterns","practice","ac9s2u01-p-010","Which object can look like a bright crescent or a bright round disc in the night sky?","A. Mars | B. the Moon | C. the Sun","B. the Moon","The lit part of the Moon that we see changes shape over time."
"AC9S2U01","Earth, space and observable sky patterns","practice","ac9s2u01-p-011","Which pair is labelled correctly?","A. Earth: star; Sun: planet | B. Earth: moon; Sun: star | C. Earth: planet; Sun: star","C. Earth: planet; Sun: star","Earth is a planet and the Sun is a star."
"AC9S2U01","Earth, space and observable sky patterns","practice","ac9s2u01-p-016","Which pair could both be visible in a daytime sky?","A. the Sun and the Moon | B. the Sun and Earth's whole surface | C. the Moon and Earth's centre","A. the Sun and the Moon","The Moon can sometimes be seen during daylight."
"AC9S2U01","Earth, space and observable sky patterns","practice","ac9s2u01-p-017","A planet card says: 'Saturn is famous for its wide, bright rings.' Which planet matches the card?","A. Earth | B. Saturn | C. Mars","B. Saturn","The information on the card identifies Saturn."
"AC9S2U01","Earth, space and observable sky patterns","practice","ac9s2u01-p-020","Three evening records say: Monday, Moon above tree; Tuesday, Moon farther left; Wednesday, Moon farther left again. What changed?","A. the Moon's name | B. the number of moons around Earth | C. the Moon's position compared with the tree","C. the Moon's position compared with the tree","The records compare where the Moon appears beside a fixed landmark."
"AC9S2U01","Earth, space and observable sky patterns","practice","ac9s2u01-p-021","Which record best helps compare the Moon's position across nights?","A. Dated, timed drawings from the same spot with the same roof shown. | B. One large drawing without a date or time. | C. Drawings from different places without landmarks.","A. Dated, timed drawings from the same spot with the same roof shown.","Dates, times and a fixed viewing place help make position comparisons clear."
"AC9S2U01","Earth, space and observable sky patterns","practice","ac9s2u01-p-022","On three clear days a pole's shadow was shortest near midday. What is a sensible prediction for the next clear day?","A. It will probably be longest near midday. | B. It will probably be shortest near midday again. | C. It will stay the same length all day.","B. It will probably be shortest near midday again.","The repeated observations support the same pattern happening again."
"AC9S2U01","Earth, space and observable sky patterns","practice","ac9s2u01-p-025","A sky guide lists the planets in order from the Sun: Mercury, Venus, Earth, Mars. Which listed planet is just after Earth?","A. Venus | B. Mercury | C. Mars","C. Mars","Mars comes immediately after Earth in the supplied order."
"AC9S2U01","Earth, space and observable sky patterns","practice","ac9s2u01-p-027","Why are many stars easier to see in a clear night sky than in a daytime sky?","A. The night sky is darker. | B. The stars only begin to exist at night. | C. Every star moves closer to Earth at night.","A. The night sky is darker.","The bright daytime sky makes most other stars hard to see."
"AC9S2U01","Earth, space and observable sky patterns","practice","ac9s2u01-p-031","A space model shows Earth as a ball. Which feature does this represent?","A. Earth's flat surface with four corners | B. Earth's roughly round shape | C. Earth's ring-shaped surface","B. Earth's roughly round shape","Earth is roughly ball-shaped."
"AC9S2U01","Earth, space and observable sky patterns","practice","ac9s2u01-p-034","A fixed pole's shadows measure 6 blocks at 9 am, 3 blocks at 11 am and 2 blocks at 1 pm. When was the shortest recorded shadow?","A. 9 am | B. 11 am | C. 1 pm","C. 1 pm","Two blocks is the shortest of the three recorded lengths."
"AC9S2U01","Earth, space and observable sky patterns","practice","ac9s2u01-p-037","In two night photos, three stars still form a triangle but appear above different parts of a roof. What stayed similar?","A. the triangle pattern | B. the triangle's position above the roof | C. the time shown on the photos","A. the triangle pattern","The group's pattern stays recognisable even though its apparent position changes."
"AC9S2U01","Earth, space and observable sky patterns","practice","ac9s2u01-p-039","A child sees a bright point in the night sky. Is brightness alone enough to decide whether it is a star or a planet?","A. Yes; every bright point is a star. | B. No; a sky guide or more information is needed. | C. Yes; every bright point is a planet.","B. No; a sky guide or more information is needed.","Both stars and planets can appear as bright points."
"AC9S2U01","Earth, space and observable sky patterns","practice","ac9s2u01-p-041","A chart shows Mars beside a star one week and farther from that star later. What does this show?","A. Mars changed into a star. | B. Mars left the solar system. | C. Mars changed position compared with the star.","C. Mars changed position compared with the star.","The chart tracks the planet's changing position against the stars."
"AC9S2U01","Earth, space and observable sky patterns","practice","ac9s2u01-p-042","A camera stays still. Its night photos show stars above the left side of a roof, then above the middle. What is observed?","A. The stars' apparent positions changed. | B. The stars stayed above the same part of the roof. | C. The roof was not a useful landmark.","A. The stars' apparent positions changed.","The fixed camera and roof allow the positions to be compared."
"AC9S2U01","Earth, space and observable sky patterns","practice","ac9s2u01-p-045","From the same window, the Moon appears higher at 8 pm than at 7 pm. Which prediction needs more observations before we accept it?","A. Its position changed between 7 pm and 8 pm. | B. The Moon will keep getting higher all night. | C. It was higher at 8 pm than at 7 pm.","B. The Moon will keep getting higher all night.","Two observations show one change; they do not show what happens for the whole night."
"AC9S2U01","Earth, space and observable sky patterns","practice","ac9s2u01-p-048","From one spot a tree hides a planet. From a nearby clear spot it is visible. What does this support?","A. The planet was absent from space at the first spot. | B. Planets can only be seen beside trees. | C. The tree blocked the first view.","C. The tree blocked the first view.","Changing the viewing spot can reveal an object hidden by a nearby tree."
"AC9S2U01","Earth, space and observable sky patterns","test","ac9s2u01-t-001","Which pair contains two planets?","A. Earth and the Sun | B. Earth and Mars | C. the Sun and the Moon","B. Earth and Mars","Earth and Mars are planets; the Sun is a star and the Moon travels around Earth."
"AC9S2U01","Earth, space and observable sky patterns","test","ac9s2u01-t-002","A fixed fence post has shadows pointing in different directions at two times. Which sky change is linked to this?","A. the Moon's changing visible shape | B. the number of visible stars | C. the Sun's changing apparent position","C. the Sun's changing apparent position","A shadow's direction changes with the Sun's apparent position."
"AC9S2U01","Earth, space and observable sky patterns","test","ac9s2u01-t-003","A card says 'Our home is a planet in the solar system.' Which name completes it?","A. Earth | B. the Moon | C. the Sun","A. Earth","Earth is the planet where we live."
"AC9S2U01","Earth, space and observable sky patterns","test","ac9s2u01-t-004","Over several weeks, Moon records show a crescent, a half-lit shape and a round shape. Which feature is being compared?","A. the Moon's distance above a roof | B. the shape of the lit part we see | C. the number of stars beside it","B. the shape of the lit part we see","These descriptions compare the Moon's visible lit shape."
"AC9S2U01","Earth, space and observable sky patterns","test","ac9s2u01-t-005","Sam wants to compare a star group's position over one evening. Which plan is best?","A. Draw it once and leave out the time. | B. Use a new viewing spot for every drawing and omit landmarks. | C. Record times and draw it above the same roof from the same spot.","C. Record times and draw it above the same roof from the same spot.","Timed records with a fixed viewpoint and landmark help compare positions."
"AC9S2U01","Earth, space and observable sky patterns","test","ac9s2u01-t-006","A teacher's photos show the Sun low early in the morning and higher later that morning. Which statement matches?","A. The Sun's apparent height increased. | B. The Sun's apparent height stayed the same. | C. The Sun's apparent height decreased.","A. The Sun's apparent height increased.","The later photo shows the Sun higher in the sky."
"AC9S2U01","Earth, space and observable sky patterns","test","ac9s2u01-t-007","A daytime photo shows the Moon above a school. What does it show?","A. The Moon must be visible every afternoon. | B. The Moon can sometimes be seen during the day. | C. The Moon is another star.","B. The Moon can sometimes be seen during the day.","One photo supports daytime visibility, not visibility every day."
"AC9S2U01","Earth, space and observable sky patterns","test","ac9s2u01-t-008","A model uses a ball for Earth. Which feature of Earth does the ball best represent?","A. its exact size | B. its exact distance from the Sun | C. its roughly round shape","C. its roughly round shape","A ball can represent Earth's shape without being its real size."
"AC9S2U01","Earth, space and observable sky patterns","test","ac9s2u01-t-009","A post's shadow measures 7 tiles at 8 am, 2 tiles near midday and 5 tiles at 4 pm. Which pattern is recorded?","A. shorter, then longer | B. longer, then shorter | C. the same length each time","A. shorter, then longer","The length falls from 7 to 2 tiles, then rises to 5 tiles."
"AC9S2U01","Earth, space and observable sky patterns","test","ac9s2u01-t-010","Which record best tracks a daily Sun pattern safely?","A. A list of planet names. | B. Timed drawings of a fixed tree's shadow. | C. One drawing of the Moon's shape.","B. Timed drawings of a fixed tree's shadow.","Timed shadow drawings provide evidence of the Sun's changing apparent position."
"AC9S2U01","Earth, space and observable sky patterns","test","ac9s2u01-t-011","A guide lists Mercury, Venus, Earth and Mars in order from the Sun. Which is third in this list?","A. Venus | B. Mars | C. Earth","C. Earth","Earth is third in the supplied order."
"AC9S2U01","Earth, space and observable sky patterns","test","ac9s2u01-t-012","Which label belongs with the Sun?","A. star | B. planet | C. Earth's moon","A. star","The Sun is the star in our solar system."
"AC9S2U01","Earth, space and observable sky patterns","test","ac9s2u01-t-013","A child could not measure a shadow under thick clouds. Which conclusion is justified?","A. The shadow must have been zero tiles long. | B. There was no clear shadow to measure then. | C. The Sun had stopped giving light.","B. There was no clear shadow to measure then.","An unclear shadow does not provide a reliable length measurement."
"AC9S2U01","Earth, space and observable sky patterns","test","ac9s2u01-t-014","In fixed-camera photos, a star group keeps its shape but moves from above a shed to above a tree. What changed?","A. the shape of the star group | B. the camera's location | C. its apparent position compared with landmarks","C. its apparent position compared with landmarks","The fixed-camera observations show a change relative to the shed and tree."
"AC9S2U01","Earth, space and observable sky patterns","test","ac9s2u01-t-015","A planet is left of a marked star on one date and right of it on a later date. What can the class conclude?","A. Its position compared with that star changed. | B. It stayed in the same position beside that star. | C. It changed from a planet into a star.","A. Its position compared with that star changed.","The dated records show different positions relative to the marked star."
"AC9S2U01","Earth, space and observable sky patterns","test","ac9s2u01-t-016","A clear-night record shows many stars; a daytime record shows none except the Sun. Which explanation fits?","A. All other stars leave space during daytime. | B. The bright daytime sky makes most other stars hard to see. | C. The Moon makes new stars each evening.","B. The bright daytime sky makes most other stars hard to see.","Other stars are still there, but most are hidden by the bright daytime sky."
"AC9S2I04","Sorting, ordering and representing data","practice","ac9s2i04-p-001","A tray holds a foil strip, a paper strip and a clay lump. In a gentle test, the foil and paper bend but the clay breaks. Which group fits the results?","A. Bends: foil and paper; breaks: clay | B. Bends: foil and clay; breaks: paper | C. Bends: paper only; breaks: foil and clay","A. Bends: foil and paper; breaks: clay","Group the objects by the recorded test result, rather than what they usually do."
"AC9S2I04","Sorting, ordering and representing data","practice","ac9s2i04-p-002","Three sounds are recorded as quiet, loud and medium. Which order goes from quietest to loudest?","A. Loud, medium, quiet | B. Quiet, medium, loud | C. Medium, quiet, loud","B. Quiet, medium, loud","The middle sound belongs between the quiet and loud sounds."
"AC9S2I04","Sorting, ordering and representing data","practice","ac9s2i04-p-003","A shadow table has headings 'Time' and 'Length in blocks'. Where does '10 am' belong?","A. In the Length in blocks column | B. In both columns | C. In the Time column","C. In the Time column","10 am records when the observation was made, not its length."
"AC9S2I04","Sorting, ordering and representing data","practice","ac9s2i04-p-004","A class counts 4 soft sounds and 2 loud sounds. A model uses one counter for each sound. Which model matches?","A. 4 counters labelled soft; 2 labelled loud | B. 2 counters labelled soft; 4 labelled loud | C. 4 counters in each group","A. 4 counters labelled soft; 2 labelled loud","Each counter represents one recorded sound, so both labels and counts must match."
"AC9S2I04","Sorting, ordering and representing data","practice","ac9s2i04-p-005","Shadow records say 3 pm: 5 blocks; 9 am: 7 blocks; noon: 2 blocks. Put the records in time order.","A. Noon: 2; 3 pm: 5; 9 am: 7 | B. 9 am: 7; noon: 2; 3 pm: 5 | C. 9 am: 7; 3 pm: 5; noon: 2","B. 9 am: 7; noon: 2; 3 pm: 5","Order by observation time when making a daily sequence, even if the lengths do not increase."
"AC9S2I04","Sorting, ordering and representing data","practice","ac9s2i04-p-006","Four equal paper strips stretch by 0, 2, 1 and 3 blocks in a supplied record. Which order shows least to greatest stretch?","A. 3, 2, 1, 0 blocks | B. 1, 0, 2, 3 blocks | C. 0, 1, 2, 3 blocks","C. 0, 1, 2, 3 blocks","Zero means no measured stretch and belongs before the positive amounts."
"AC9S2I04","Sorting, ordering and representing data","practice","ac9s2i04-p-007","A table says 'Rubber band: stretched; string: did not stretch'. Which picture would represent the results best?","A. A longer band and unchanged string, with before-and-after labels | B. Both objects longer, with before-and-after labels | C. Both objects unchanged, with before-and-after labels","A. A longer band and unchanged string, with before-and-after labels","A before-and-after model must show a change only where the record reports one."
"AC9S2I04","Sorting, ordering and representing data","practice","ac9s2i04-p-008","A supplied table has columns 'Object' and 'Sound-making action'. Which row is in the right order?","A. Striking — drum | B. Drum — striking | C. Drum — loud","B. Drum — striking","The first cell names the object; the second names the action, not the sound's loudness."
"AC9S2I04","Sorting, ordering and representing data","practice","ac9s2i04-p-009","Two pupils build counter rows for 3 taps and 5 taps. Which rule makes their rows easy to compare?","A. Use larger counters for the row with fewer taps | B. Leave bigger gaps in the shorter row | C. Use equal-sized counters, one per tap","C. Use equal-sized counters, one per tap","Equal units and spacing allow the row lengths to represent the numbers fairly."
"AC9S2I04","Sorting, ordering and representing data","practice","ac9s2i04-p-010","A group labels boxes 'Changed shape' and 'Did not change shape'. After a test, a sponge is squashed. Where does its result card go?","A. Changed shape | B. Did not change shape | C. Both boxes","A. Changed shape","The result is a shape change, so it belongs in the first group for this test."
"AC9S2I04","Sorting, ordering and representing data","practice","ac9s2i04-p-011","A Moon diary has dated pictures from Tuesday, Thursday and Wednesday. Which order shows time passing?","A. Thursday, Wednesday, Tuesday | B. Tuesday, Wednesday, Thursday | C. Wednesday, Tuesday, Thursday","B. Tuesday, Wednesday, Thursday","Date order lets a reader follow changes across successive observations."
"AC9S2I04","Sorting, ordering and representing data","practice","ac9s2i04-p-012","A table records 2 plucked sounds, 5 tapped sounds and 3 shaken sounds. Which action has the largest recorded group?","A. Plucking | B. Shaking | C. Tapping","C. Tapping","Five tapped sounds is more than either two or three."
"AC9S2I04","Sorting, ordering and representing data","practice","ac9s2i04-p-013","A chart uses one square for each block of shadow length. The table says 6 blocks, but the chart has 4 squares. What correction is needed?","A. Add 2 squares to that row | B. Remove 2 squares from that row | C. Change the label to 4 blocks","A. Add 2 squares to that row","Correct the model to match the recorded evidence instead of changing the evidence."
"AC9S2I04","Sorting, ordering and representing data","practice","ac9s2i04-p-014","A model sorts objects into 'Rolled' and 'Slid'. One object did both in the test. What is a useful change?","A. Leave the object out of the results | B. Add a 'Rolled and slid' group | C. Put it only in 'Rolled' and hide its sliding result","B. Add a 'Rolled and slid' group","A third group preserves both observations rather than discarding part of the evidence."
"AC9S2I04","Sorting, ordering and representing data","practice","ac9s2i04-p-015","A table shows Monday: 1 cloud observation; Tuesday: 3; Wednesday: 3. Which pattern does it show?","A. The count increases every day | B. Monday has the greatest count | C. Tuesday and Wednesday have the same count","C. Tuesday and Wednesday have the same count","The last two values are equal, so the count does not rise on every day."
"AC9S2I04","Sorting, ordering and representing data","practice","ac9s2i04-p-016","Three sound recordings are labelled 'high', 'low' and 'middle' pitch. Which sequence goes from lowest to highest?","A. Low, middle, high | B. High, middle, low | C. Middle, low, high","A. Low, middle, high","Pitch can be ordered from a low sound through a middle sound to a high sound."
"AC9S2I04","Sorting, ordering and representing data","practice","ac9s2i04-p-017","A class draws a ball for Earth and a smaller ball for the Moon. Which label explains what the two balls represent?","A. Actual Earth and Moon sizes | B. Earth and Moon model | C. Number of stars counted","B. Earth and Moon model","The objects stand for Earth and the Moon; the drawing alone does not establish actual sizes."
"AC9S2I04","Sorting, ordering and representing data","practice","ac9s2i04-p-018","A table heading says 'Shadow length'. Its cells contain 2, 4 and 6. What should be added to make the measurements clear?","A. The favourite colour of each observer | B. A new total that replaces the measurements | C. The unit used, such as blocks","C. The unit used, such as blocks","A number needs a unit so readers know what was measured and can interpret the values."
"AC9S2I04","Sorting, ordering and representing data","practice","ac9s2i04-p-019","A picture chart has 3 symbols for soft taps and 3 for loud taps. One symbol means one tap. Which sentence matches?","A. The two tap groups have equal counts | B. Loud taps were counted more often | C. Soft taps were counted fewer times","A. The two tap groups have equal counts","Equal numbers of symbols represent equal counts when the key is the same."
"AC9S2I04","Sorting, ordering and representing data","practice","ac9s2i04-p-020","A table records 'not observed' for a cloudy night. How should a timeline show this?","A. Draw a Moon shape guessed from another night | B. Keep the date and label it 'not observed' | C. Remove the date so every night looks observed","B. Keep the date and label it 'not observed'","A visible gap preserves the difference between missing information and an actual observation."
"AC9S2I04","Sorting, ordering and representing data","practice","ac9s2i04-p-021","Use counters to show this record: 3 tapped sounds, 1 scraped sound and 2 shaken sounds. Make labelled groups, with one counter per sound.","Adult review — spoken, written or practical response; see explanation for acceptance criteria.","Three labelled groups containing 3, 1 and 2 counters respectively.","Adult check: observe the model. Accept drawings or safe objects instead of counters. Each label must match its group, and each counter must represent one sound. Check all three counts."
"AC9S2I04","Sorting, ordering and representing data","practice","ac9s2i04-p-022","Copy a table with headings 'Time' and 'Shadow length in blocks'. Add these records in time order: noon, 2 blocks; 9 am, 6 blocks; 3 pm, 4 blocks.","Adult review — spoken, written or practical response; see explanation for acceptance criteria.","Time | Shadow length in blocks: 9 am | 6; noon | 2; 3 pm | 4.","Adult check: accept spoken placement with an adult scribe. Check both column meanings, accurate lengths and chronological order. Do not require the lengths to increase."
"AC9S2I04","Sorting, ordering and representing data","practice","ac9s2i04-p-023","Sort these result cards into labelled groups: foil bent; paper bent; chalk broke; sponge squashed. Choose labels that keep each result clear.","Adult review — spoken, written or practical response; see explanation for acceptance criteria.","For example: Bent—foil and paper; Broke—chalk; Squashed—sponge.","Adult check: accept other clear groupings that preserve every recorded result, including subgroups under 'changed shape'. All four cards must be placed, and the child must explain the grouping rule."
"AC9S2I04","Sorting, ordering and representing data","practice","ac9s2i04-p-024","Make a drawing or object model of this pattern: a post's shadow is long in the morning, short near midday and long in the afternoon. Label the three times.","Adult review — spoken, written or practical response; see explanation for acceptance criteria.","A labelled sequence showing long, short, long shadows for morning, midday and afternoon.","Adult check: check the time sequence and relative shadow lengths. Exact size and direction are not specified and should not be marked. Accept a physical model with spoken labels."
"AC9S2I04","Sorting, ordering and representing data","test","ac9s2i04-t-001","A record says: foil twisted; clay twisted; wooden block unchanged. Which sorting rule puts foil and clay together?","A. Whether the object is made of wood | B. Whether the object was unchanged | C. Whether the shape changed in the test","C. Whether the shape changed in the test","Both recorded results involve a changed shape, whereas the block did not change."
"AC9S2I04","Sorting, ordering and representing data","test","ac9s2i04-t-002","Four recordings last 2, 5, 1 and 3 claps of time. Which order is shortest to longest?","A. 1, 2, 3, 5 | B. 5, 3, 2, 1 | C. 2, 1, 3, 5","A. 1, 2, 3, 5","Ordering the recorded counts from least to greatest orders these durations."
"AC9S2I04","Sorting, ordering and representing data","test","ac9s2i04-t-003","A results table has columns 'Material' and 'What happened when bent'. Which row fits?","A. Folded — card | B. Card — folded | C. Card — Tuesday","B. Card — folded","The material belongs first, followed by the observed result of bending."
"AC9S2I04","Sorting, ordering and representing data","test","ac9s2i04-t-004","A key says each dot stands for one shake. How many dots show 5 shakes?","A. 1 dot | B. 10 dots | C. 5 dots","C. 5 dots","With one dot per shake, five shakes require five dots."
"AC9S2I04","Sorting, ordering and representing data","test","ac9s2i04-t-005","Night photos are labelled 8 pm, 6 pm and 7 pm on the same date. Which arrangement shows the observation sequence?","A. 6 pm, 7 pm, 8 pm | B. 8 pm, 7 pm, 6 pm | C. 7 pm, 6 pm, 8 pm","A. 6 pm, 7 pm, 8 pm","Arrange times from earliest to latest to show the observed sequence."
"AC9S2I04","Sorting, ordering and representing data","test","ac9s2i04-t-006","A chart should show 2 short sounds and 4 long sounds. Which model is accurate when each counter means one sound?","A. 4 counters for short and 2 for long | B. 2 counters for short and 4 for long | C. 2 counters for short and 2 for long","B. 2 counters for short and 4 for long","The counts and labels must both match the record."
"AC9S2I04","Sorting, ordering and representing data","test","ac9s2i04-t-007","One group counts 4 bends; another counts 4 twists. Their equal-unit counter rows should have which feature?","A. More counters for bends | B. More counters for twists | C. The same number of counters","C. The same number of counters","The two recorded counts are equal, so the representations need equal counts."
"AC9S2I04","Sorting, ordering and representing data","test","ac9s2i04-t-008","A table records clay before pressing: tall; after pressing: flat. Which model best represents the change?","A. A tall clay shape followed by a flat clay shape | B. Two equally tall clay shapes | C. A flat clay shape followed by a tall clay shape","A. A tall clay shape followed by a flat clay shape","Before-and-after order matters: the recorded shape changed from tall to flat."
"AC9S2I04","Sorting, ordering and representing data","test","ac9s2i04-t-009","A table shows 9 am: 8 blocks, noon: 3 blocks, 3 pm: 6 blocks. Which description summarises the lengths?","A. Longer at every later time | B. Shorter at noon, then longer at 3 pm | C. Exactly the same at all three times","B. Shorter at noon, then longer at 3 pm","The values decrease from 8 to 3 and then increase to 6."
"AC9S2I04","Sorting, ordering and representing data","test","ac9s2i04-t-010","A class sorts observation cards by 'Sound' and 'Shape'. Which card belongs in Sound?","A. A tube became flatter | B. A strip curled at the end | C. A bell rang softly","C. A bell rang softly","Ringing softly describes a sound; the other cards describe shapes."
"AC9S2I04","Sorting, ordering and representing data","test","ac9s2i04-t-011","A symbol chart shows two triangles, but its key is missing. What is needed before you know the recorded count?","A. How many observations each triangle represents | B. Which pupil likes triangles best | C. Whether triangles have three sides","A. How many observations each triangle represents","A symbol may stand for one or several observations, so its key is essential."
"AC9S2I04","Sorting, ordering and representing data","test","ac9s2i04-t-012","A row label says 'Number of taps', but the cells say loud, quiet and loud. Which heading matches those entries?","A. Number of people | B. Loudness of taps | C. Length in blocks","B. Loudness of taps","Loud and quiet describe loudness, rather than a numerical count."
"AC9S2I04","Sorting, ordering and representing data","test","ac9s2i04-t-013","A sky table has a blank for Friday because no record was made. Which action keeps the information accurate?","A. Copy Thursday's result into Friday | B. Write zero stars as Friday's result | C. Label Friday 'no observation recorded'","C. Label Friday 'no observation recorded'","No record is different from observing zero objects."
"AC9S2I04","Sorting, ordering and representing data","test","ac9s2i04-t-014","A table says 1 smooth object and 3 rough objects. A picture chart shows the rough group larger. Which detail is still needed to check its counts?","A. A key and countable symbols | B. A brighter page background | C. A title saying 'Science is fun'","A. A key and countable symbols","A key and visible symbols let the reader check whether the chart shows one and three."
"AC9S2I04","Sorting, ordering and representing data","test","ac9s2i04-t-015","Draw a table with headings 'Action' and 'Number of sounds'. Record 2 scrapes, 4 taps and 1 pluck. Then point to the largest group.","Adult review — spoken, written or practical response; see explanation for acceptance criteria.","Scrape | 2; Tap | 4; Pluck | 1. Taps form the largest group.","Adult check: check clear column meanings, all three accurate entries and identification of taps. Accept an adult scribe recording the child's dictated entries."
"AC9S2I04","Sorting, ordering and representing data","test","ac9s2i04-t-016","Arrange these cards in time order and make a simple drawing of the pattern: evening—long shadow; morning—long shadow; midday—short shadow.","Adult review — spoken, written or practical response; see explanation for acceptance criteria.","Morning—long; midday—short; evening—long, represented with matching shadow lengths.","Adult check: require correct time order and a long-short-long representation. Labels may be spoken. Do not assess direction or precise measurements because the cards do not give them."
"AC9S2I05","Comparing observations and improving investigations","practice","ac9s2i05-p-001","A prediction says, 'The sponge will spring back after squeezing.' The sponge returns to its earlier shape. How do the result and prediction compare?","A. The observation is opposite to the prediction | B. The observation supports the prediction | C. The observation gives no information about the prediction","B. The observation supports the prediction","The predicted return to shape was observed in this test."
"AC9S2I05","Comparing observations and improving investigations","practice","ac9s2i05-p-002","A class predicts that both strips will tear. Only the paper strip tears. Which conclusion fits?","A. The prediction matched both results | B. The prediction matched neither result | C. The prediction matched the paper result but not the other strip","C. The prediction matched the paper result but not the other strip","Compare each part of the prediction with its own observed result."
"AC9S2I05","Comparing observations and improving investigations","practice","ac9s2i05-p-003","Two groups test drums of different sizes. One taps gently; the other taps hard. They want to compare the effect of drum size. What makes this comparison difficult?","A. They changed tap strength as well as drum size | B. They used a drum in both groups | C. They recorded the results after tapping","A. They changed tap strength as well as drum size","Different tap strengths can change the sound, so the results do not isolate drum size."
"AC9S2I05","Comparing observations and improving investigations","practice","ac9s2i05-p-004","A prediction says the longest shadow will be at noon. Records show morning: 6 blocks; noon: 2; afternoon: 4. Which statement fits?","A. The noon record supports the prediction | B. The recorded longest shadow was in the morning, so the prediction was not supported | C. All three records support the prediction equally","B. The recorded longest shadow was in the morning, so the prediction was not supported","Six blocks is the longest recorded length; noon had the shortest of these records."
"AC9S2I05","Comparing observations and improving investigations","practice","ac9s2i05-p-005","Two pupils count the same sounds. One records 5 and one records 6. What is a useful next step?","A. Keep only the larger number without checking | B. Change both counts to the number they predicted | C. Listen to the recording together and recount","C. Listen to the recording together and recount","Rechecking the same evidence can help resolve the disagreement without guessing."
"AC9S2I05","Comparing observations and improving investigations","practice","ac9s2i05-p-006","A child predicted foil would break when gently bent. It bent without breaking. What should go in the report?","A. Both the original prediction and the different result | B. Only the prediction, written as the result | C. A made-up break so the prediction looks right","A. Both the original prediction and the different result","A prediction can be wrong; keeping the actual result makes the investigation useful."
"AC9S2I05","Comparing observations and improving investigations","practice","ac9s2i05-p-007","To compare two towels, one child uses a spoonful of water on each. Why use the same spoon filled to the same level?","A. It makes the towels the same colour | B. It gives each towel the same starting amount | C. It guarantees both towels soak up all the water","B. It gives each towel the same starting amount","Matching the starting amount helps a fair comparison without guaranteeing a particular outcome."
"AC9S2I05","Comparing observations and improving investigations","practice","ac9s2i05-p-008","A class finds that a tightly stretched band made a higher sound than a loose one. Which further question follows this observation?","A. Which pupil has the neatest handwriting? | B. What is the best colour for the classroom door? | C. What happens with a band stretched to a middle tightness?","C. What happens with a band stretched to a middle tightness?","A middle tightness extends the observed relationship between stretching and pitch."
"AC9S2I05","Comparing observations and improving investigations","practice","ac9s2i05-p-009","Two groups measure one ribbon as 5 blocks and 8 blocks. One used large blocks and one small blocks. What could explain the difference?","A. Their measuring units were different sizes | B. The ribbon must have grown during both measurements | C. Both numbers must be invented","A. Their measuring units were different sizes","Smaller units can produce a larger count for the same length."
"AC9S2I05","Comparing observations and improving investigations","practice","ac9s2i05-p-010","A prediction says a soft tap will be quieter than a strong tap. Both recordings sound equally loud to the group. What can they say now?","A. Their observations proved the strong tap was louder | B. Their observations did not show the predicted difference | C. Their observations showed the soft tap was louder","B. Their observations did not show the predicted difference","An equal observed loudness does not support either sound being louder."
"AC9S2I05","Comparing observations and improving investigations","practice","ac9s2i05-p-011","A class compares how two clays bend. They use a thin strip of one and a thick lump of the other. What could they improve?","A. Use even more different-sized pieces | B. Stop recording how the pieces change | C. Start with pieces of similar shape and size","C. Start with pieces of similar shape and size","Similar starting pieces help them compare the clays rather than the effects of shape and size."
"AC9S2I05","Comparing observations and improving investigations","practice","ac9s2i05-p-012","Two children observe the same sky from different windows. One sees the Moon; a wall blocks the other's view. Are their records necessarily in conflict?","A. No; the views can explain their different observations | B. Yes; the Moon cannot be visible from one window only | C. Yes; one child must change the record to match","A. No; the views can explain their different observations","A blocked view can hide an object that is visible from another place."
"AC9S2I05","Comparing observations and improving investigations","practice","ac9s2i05-p-013","After three tests, a class finds that paper folds easily. Which follow-up question is linked to these results?","A. Which day has the nicest name? | B. Does thicker paper fold as easily? | C. Who brought the biggest lunchbox?","B. Does thicker paper fold as easily?","Changing the paper thickness explores a related property raised by the first investigation."
"AC9S2I05","Comparing observations and improving investigations","practice","ac9s2i05-p-014","A prediction says a bell will keep sounding after being gently held. The sound stops quickly. Which sentence should the child use?","A. My result matched my prediction exactly | B. I did not hear the bell, so it never made sound | C. My result differed from my prediction","C. My result differed from my prediction","The observed stopping differs from the predicted continued sound."
"AC9S2I05","Comparing observations and improving investigations","practice","ac9s2i05-p-015","A group repeats a test and gets different results. What should they do before choosing an explanation?","A. Compare the procedures and conditions for both tests | B. Erase the result they like less | C. Assume the second result is always correct","A. Compare the procedures and conditions for both tests","Comparing what was done may reveal a change that helps explain the different results."
"AC9S2I05","Comparing observations and improving investigations","practice","ac9s2i05-p-016","Two groups use the same blocks to measure the same shadow at different times. Their lengths differ. Which question helps explain the difference?","A. Which group had the prettier notebook? | B. When did each group measure? | C. Did both groups write in English?","B. When did each group measure?","Shadows can change with time, so observation times matter to the comparison."
"AC9S2I05","Comparing observations and improving investigations","practice","ac9s2i05-p-017","A child says, 'Our paper did not stretch, so no material stretches.' Which response uses the evidence properly?","A. One paper test is enough to describe every material | B. The claim is correct if the child writes it clearly | C. The result tells us about the tested paper, not every material","C. The result tells us about the tested paper, not every material","A result from one material cannot establish what all other materials do."
"AC9S2I05","Comparing observations and improving investigations","practice","ac9s2i05-p-018","To compare two sound makers, one is tested beside a noisy fan and the other in a quiet room. What should the group check?","A. Whether background noise affected what they heard | B. Whether both objects have the same name | C. Whether the notebooks have equal page counts","A. Whether background noise affected what they heard","Different background noise can make a sound harder to hear and weaken the comparison."
"AC9S2I05","Comparing observations and improving investigations","practice","ac9s2i05-p-019","A teacher asks, 'What else would you like to find out?' after clay was flattened by pressing. Which question builds on the result?","A. How many letters are in my surname? | B. Will rolling change the clay's shape in a different way? | C. Which story character likes clay best?","B. Will rolling change the clay's shape in a different way?","Comparing another action develops the investigation into how clay changes shape."
"AC9S2I05","Comparing observations and improving investigations","practice","ac9s2i05-p-020","A class predicted 4 sounds and counted 4 sounds. Another class counted 3 in a different recording. What should they compare first?","A. Which class predicted the larger number | B. Which class should copy the other's number | C. Whether both recordings contained the same sounds","C. Whether both recordings contained the same sounds","Different recordings may contain different events; first check whether the evidence is comparable."
"AC9S2I05","Comparing observations and improving investigations","practice","ac9s2i05-p-021","Your prediction was 'Both strips will fold without tearing.' The result was 'Paper folded; foil folded but tore at one edge.' Explain which parts of your prediction matched.","Adult review — spoken, written or practical response; see explanation for acceptance criteria.","Both strips folded, but the foil tore, so the prediction matched the paper fully and the foil only partly.","Adult check: require recognition that both folded and that foil tearing differed from the prediction. Accept clear spoken wording. Do not accept an unqualified 'all right' or 'all wrong'."
"AC9S2I05","Comparing observations and improving investigations","practice","ac9s2i05-p-022","Two groups compare towel materials. One uses 2 spoonfuls of water and the other 5. Explain one change that would help make the comparison fair.","Adult review — spoken, written or practical response; see explanation for acceptance criteria.","Use the same amount of water for both towels, with the same spoon and fill level.","Adult check: the child must identify unequal water amounts and propose matching them. Other helpful improvements may be added, but matching water is required for this described problem."
"AC9S2I05","Comparing observations and improving investigations","practice","ac9s2i05-p-023","A class found that thin card bent more easily than thick card. With a grown-up's guidance, ask a new question that could be explored next.","Adult review — spoken, written or practical response; see explanation for acceptance criteria.","For example: Does wet card bend more easily than dry card of the same thickness?","Adult check: accept a safe, observable follow-up about card bending or a related comparison. The child must pose a question, not merely repeat the result. Guidance is allowed; record the child's own final question."
"AC9S2I05","Comparing observations and improving investigations","practice","ac9s2i05-p-024","Your group counted 3 loud sounds. Another group counted 5 while listening to the same recording. Describe how you could check the difference together.","Adult review — spoken, written or practical response; see explanation for acceptance criteria.","Replay the same recording, agree what counts as loud, and mark each loud sound together before recounting.","Adult check: accept a practical recheck of the shared recording with a common counting rule. Do not accept simply choosing one number or changing the record to match a prediction."
"AC9S2I05","Comparing observations and improving investigations","test","ac9s2i05-t-001","A child predicts a clay ball will flatten when pressed. It becomes wider and lower. Which comparison is accurate?","A. The result supports the prediction | B. The result is opposite to the prediction | C. The result shows no shape change","A. The result supports the prediction","Wider and lower describes the flattening that was predicted."
"AC9S2I05","Comparing observations and improving investigations","test","ac9s2i05-t-002","A group predicts that both containers will make loud sounds when shaken. One sounds loud and one quiet. What is supported?","A. Both parts of the prediction matched | B. Only one part of the prediction matched | C. Neither container made a sound","B. Only one part of the prediction matched","One loud result agrees with the prediction; the quiet result does not."
"AC9S2I05","Comparing observations and improving investigations","test","ac9s2i05-t-003","A group wants to compare two paper types. It folds one once and the other ten times before checking for tears. What should it improve?","A. Always choose the paper folded ten times | B. Hide the number of folds from the report | C. Use the same folding procedure for each type","C. Use the same folding procedure for each type","Different folding procedures could cause different tearing independently of paper type."
"AC9S2I05","Comparing observations and improving investigations","test","ac9s2i05-t-004","Two pupils record a shadow as 4 blocks long at the same time. What can they say about these records?","A. Their measured lengths agree | B. Their measurements prove the shadow never changes | C. Their results must both be predictions","A. Their measured lengths agree","The two recorded lengths are the same for that observation; they say nothing about all other times."
"AC9S2I05","Comparing observations and improving investigations","test","ac9s2i05-t-005","A prediction says a string will stretch by 2 blocks. The record says no measured stretch. What should be written?","A. The string stretched by 2 blocks because that was predicted | B. The recorded result did not support the predicted stretch | C. The record should be erased until it agrees","B. The recorded result did not support the predicted stretch","A prediction does not replace the observed measurement."
"AC9S2I05","Comparing observations and improving investigations","test","ac9s2i05-t-006","After a rough surface slows a toy car more than a smooth one, which further question is related?","A. Which pupil has the longest name? | B. Which car colour looks happiest? | C. What happens on a surface with a different roughness?","C. What happens on a surface with a different roughness?","Another surface roughness extends the relationship observed in the first comparison."
"AC9S2I05","Comparing observations and improving investigations","test","ac9s2i05-t-007","One class sees stars at 8 pm; another sees none under thick cloud at 8 pm. What should they consider?","A. Different cloud cover can affect what is visible | B. Stars exist only above the first class | C. The second class should copy the first record","A. Different cloud cover can affect what is visible","Clouds can hide stars, so the different conditions may explain different observations."
"AC9S2I05","Comparing observations and improving investigations","test","ac9s2i05-t-008","To compare two sponges, one is dry and the other is already soaked. What would improve a water-soaking comparison?","A. Add more water only to the soaked sponge | B. Start with both sponges in a similar dry condition | C. Use different amounts without recording them","B. Start with both sponges in a similar dry condition","Starting wetness can affect how much more water a sponge takes up."
"AC9S2I05","Comparing observations and improving investigations","test","ac9s2i05-t-009","A class expected a plucked band to vibrate. They saw it moving back and forth. What matches?","A. Their observation shows the band was still | B. Their observation tests whether the band is waterproof | C. Their observation matches the predicted vibration","C. Their observation matches the predicted vibration","Moving back and forth is the vibration they expected to observe."
"AC9S2I05","Comparing observations and improving investigations","test","ac9s2i05-t-010","Two groups get different clay-shape results. One rolled the clay; the other squeezed it. What could explain the difference?","A. They used different actions | B. Clay always changes in exactly the same way | C. The group that wrote first must be wrong","A. They used different actions","Rolling and squeezing can change shape differently, so the methods are relevant."
"AC9S2I05","Comparing observations and improving investigations","test","ac9s2i05-t-011","A test finds that one chalk stick broke when bent. Which statement stays within the evidence?","A. Every solid object breaks when bent | B. This chalk stick broke during our bending test | C. Chalk will break under every possible touch","B. This chalk stick broke during our bending test","The result supports a claim about the tested object and action, not all solids or all touches."
"AC9S2I05","Comparing observations and improving investigations","test","ac9s2i05-t-012","A group repeats a tapping comparison in the same place with the same tap strength. Why is this useful?","A. It guarantees the prediction will be correct | B. It means no observations need recording | C. It reduces differences that could affect the comparison","C. It reduces differences that could affect the comparison","Consistent conditions improve the comparison but do not guarantee a particular result."
"AC9S2I05","Comparing observations and improving investigations","test","ac9s2i05-t-013","A class predicted a shadow would shorten all day. It shortened before noon and lengthened later. Which judgement fits?","A. The prediction fitted the morning but not the later result | B. The prediction fitted the entire day | C. The later result must be ignored","A. The prediction fitted the morning but not the later result","The observed afternoon increase contradicts the claim that it would shorten all day."
"AC9S2I05","Comparing observations and improving investigations","test","ac9s2i05-t-014","A teacher asks for a next question after paper tore along a fold. Which response is investigable and linked?","A. Paper is my favourite material | B. Does folding the paper more times change how easily it tears? | C. We have already torn one sheet","B. Does folding the paper more times change how easily it tears?","The first response asks about an observable relationship that develops the finding."
"AC9S2I05","Comparing observations and improving investigations","test","ac9s2i05-t-015","A prediction says 'The two shadows will be the same length.' The results are 3 blocks and 6 blocks, using the same blocks. Compare the prediction with the results.","Adult review — spoken, written or practical response; see explanation for acceptance criteria.","The lengths differ, so the results do not support the prediction of equal lengths.","Adult check: require the child to compare both recorded values and explain that they are unequal. Accept spoken answers. Do not require subtraction or an explanation of why the shadows differ."
"AC9S2I05","Comparing observations and improving investigations","test","ac9s2i05-t-016","A class compared two safe sound makers, but tested one close to the listener and the other far away. Suggest an improvement and a related question to investigate next.","Adult review — spoken, written or practical response; see explanation for acceptance criteria.","Listen from the same distance when comparing the sound makers. Then ask how distance affects how loud one sound maker seems.","Adult check: require a common listening distance for the comparison and a safe, observable follow-up question linked to sound or distance. Guidance is allowed. Accept other relevant follow-ups with the fair-comparison improvement."
"AC9S2I06","Communicating observations, findings and ideas","practice","ac9s2i06-p-001","A child watched foil bend without tearing. Which sentence reports this observation clearly?","A. Foil is the best material | B. Every metal can bend without tearing | C. The foil bent and did not tear","C. The foil bent and did not tear","The first sentence describes the tested foil; the others give an opinion or extend beyond the evidence."
"AC9S2I06","Communicating observations, findings and ideas","practice","ac9s2i06-p-002","A class taps a drum and sees its skin moving back and forth. Which scientific word helps describe the movement?","A. Vibrating | B. Melting | C. Dissolving","A. Vibrating","Vibrating means moving back and forth; it matches the observed drum skin."
"AC9S2I06","Communicating observations, findings and ideas","practice","ac9s2i06-p-003","A report says 'It changed when we did it.' Which version is clearer?","A. It became different afterwards | B. The clay flattened when we pressed it | C. We did something and it changed","B. The clay flattened when we pressed it","Naming both the material and the action tells readers what actually happened."
"AC9S2I06","Communicating observations, findings and ideas","practice","ac9s2i06-p-004","A sound report needs a title. The class compared gentle and strong taps on one drum. Which title fits?","A. All the planets in space | B. Why every sound is the same | C. Drum sounds from gentle and strong taps","C. Drum sounds from gentle and strong taps","The title should identify the investigation that the report describes."
"AC9S2I06","Communicating observations, findings and ideas","practice","ac9s2i06-p-005","A drawing shows paper before and after folding. Which labels would help readers follow the change?","A. Before folding; after folding | B. Favourite; not favourite | C. Yesterday; tomorrow, with no other information","A. Before folding; after folding","Before-and-after labels connect the pictures to the action and observed change."
"AC9S2I06","Communicating observations, findings and ideas","practice","ac9s2i06-p-006","A group recorded a shadow as 5 blocks long. Which caption gives the measurement clearly?","A. The shadow was 5 | B. The shadow measured 5 blocks | C. The shadow was a nice length","B. The shadow measured 5 blocks","The number and unit together communicate the recorded length."
"AC9S2I06","Communicating observations, findings and ideas","practice","ac9s2i06-p-007","A class predicted a loud sound but heard a quiet sound. Which report keeps prediction and finding separate?","A. We observed loud because we predicted it | B. We predicted quiet after hearing it, so we were right | C. We predicted loud; we observed quiet","C. We predicted loud; we observed quiet","Clear reporting distinguishes an earlier prediction from the actual observation."
"AC9S2I06","Communicating observations, findings and ideas","practice","ac9s2i06-p-008","Which word describes a sound as high or low, rather than loud or quiet?","A. Pitch | B. Length | C. Shape","A. Pitch","Pitch tells how high or low a sound is; loudness tells how loud or quiet it is."
"AC9S2I06","Communicating observations, findings and ideas","practice","ac9s2i06-p-009","A younger class will read a report using the word 'vibration'. What would make the meaning clearer?","A. Replace every object name with 'it' | B. Add 'moving back and forth' and a labelled drawing | C. Remove the observations and keep only the word","B. Add 'moving back and forth' and a labelled drawing","An everyday explanation and matching picture help the audience understand scientific vocabulary."
"AC9S2I06","Communicating observations, findings and ideas","practice","ac9s2i06-p-010","A group made a safe sound maker, then shook it, then recorded the sound. Which words help tell the procedure in order?","A. Big, bigger, biggest | B. Maybe, favourite, nicest | C. First, next, finally","C. First, next, finally","Sequence words show the order of actions in a procedure."
"AC9S2I06","Communicating observations, findings and ideas","practice","ac9s2i06-p-011","A table says soft paper tore and thick card did not tear in one test. Which finding matches?","A. In our test, the paper tore but the card did not | B. Paper and card always behave the same | C. Neither material changed in our test","A. In our test, the paper tore but the card did not","The finding must communicate the difference recorded for the two materials."
"AC9S2I06","Communicating observations, findings and ideas","practice","ac9s2i06-p-012","A drawing of two shadows uses identical unlabelled lines. What addition best communicates which was observed at noon?","A. More decoration around both lines | B. A noon label on the correct shadow | C. A title saying 'Two lines' only","B. A noon label on the correct shadow","A time label links the correct picture with its observation time."
"AC9S2I06","Communicating observations, findings and ideas","practice","ac9s2i06-p-013","A child wants to share the sound of a plucked band. Which addition helps an audience hear the evidence?","A. A picture of an unrelated band | B. A list of favourite songs without the recording | C. A clearly labelled audio recording of the sound","C. A clearly labelled audio recording of the sound","The recording communicates the observed sound directly, and its label identifies the source."
"AC9S2I06","Communicating observations, findings and ideas","practice","ac9s2i06-p-014","A report says 'The clay got squishy.' Which sentence describes the visible change more precisely?","A. The tall clay lump became flatter after pressing | B. The clay was very good | C. Everyone liked the new clay","A. The tall clay lump became flatter after pressing","The first sentence names a visible shape change and the action that caused it."
"AC9S2I06","Communicating observations, findings and ideas","practice","ac9s2i06-p-015","A class observed the Moon above a roof at 7 pm. Which caption preserves what they recorded?","A. The Moon stayed above every roof all night | B. At 7 pm, the Moon appeared above the roof from our window | C. The Moon is always in the same place","B. At 7 pm, the Moon appeared above the roof from our window","Including time and viewpoint keeps the caption within the observation."
"AC9S2I06","Communicating observations, findings and ideas","practice","ac9s2i06-p-016","A poster has a findings section. Which sentence belongs there?","A. Tomorrow we might try a different drum | B. Before testing, we thought both taps would sound the same | C. The gently tapped drum sounded quieter in our comparison","C. The gently tapped drum sounded quieter in our comparison","A finding describes an observed result, while the other sentences describe a future plan and earlier prediction."
"AC9S2I06","Communicating observations, findings and ideas","practice","ac9s2i06-p-017","A class wants to explain how a paper strip changed. Which pair gives a useful scientific action and result?","A. We twisted the paper; it became a spiral shape | B. We liked the paper; it was our favourite | C. We named the paper; it had a name","A. We twisted the paper; it became a spiral shape","The first pair links a physical action to an observable shape change."
"AC9S2I06","Communicating observations, findings and ideas","practice","ac9s2i06-p-018","A report includes a photo of a stretched band. What caption helps connect the photo to the test?","A. This is something we used | B. The band became longer when we pulled its ends gently | C. This photo is on our science page","B. The band became longer when we pulled its ends gently","The caption names the object, action and recorded change."
"AC9S2I06","Communicating observations, findings and ideas","practice","ac9s2i06-p-019","Two results disagree, and a class is unsure why. Which sentence communicates that honestly?","A. Both results were identical | B. We know the cause even though we did not check | C. Our results differed; we need to compare our methods","C. Our results differed; we need to compare our methods","Reporting uncertainty clearly avoids inventing an explanation."
"AC9S2I06","Communicating observations, findings and ideas","practice","ac9s2i06-p-020","A pupil writes 'The loudest sound had the highest pitch.' The record includes loudness only. What should change?","A. Report loudness and leave out the unrecorded pitch claim | B. Keep the pitch claim because loud always means high | C. Delete the loudness result and keep the pitch claim","A. Report loudness and leave out the unrecorded pitch claim","Loudness and pitch differ; a loudness record alone does not establish which pitch was highest."
"AC9S2I06","Communicating observations, findings and ideas","practice","ac9s2i06-p-021","Write or dictate two sentences reporting this test: a clay ball was pressed; it became wider and flatter. Include the action and the observed change.","Adult review — spoken, written or practical response; see explanation for acceptance criteria.","We pressed the clay ball. It became wider and flatter.","Adult check: require both the pressing action and the wider/flatter observed result. Accept equivalent vocabulary and dictation. Assess the science message, not spelling or handwriting."
"AC9S2I06","Communicating observations, findings and ideas","practice","ac9s2i06-p-022","Make a labelled before-and-after drawing for this result: a straight paper strip was twisted into a spiral. Add or say one sentence explaining the change.","Adult review — spoken, written or practical response; see explanation for acceptance criteria.","Drawings labelled before and after, with: We twisted the straight paper strip and it became a spiral.","Adult check: inspect both labelled states and the explanatory sentence. Accept physical models and spoken labels. Require a link between twisting and the recorded shape change."
"AC9S2I06","Communicating observations, findings and ideas","practice","ac9s2i06-p-023","Explain 'vibration' to a younger child using everyday words and an example from a safely plucked band. Speak, write or dictate your explanation.","Adult review — spoken, written or practical response; see explanation for acceptance criteria.","Vibration means moving back and forth. After the band is plucked, it moves back and forth and makes a sound.","Adult check: require the back-and-forth meaning and a matching band example. A supplied band observation is enough; do not require the child to pluck one. Accept simple wording without a memorised definition."
"AC9S2I06","Communicating observations, findings and ideas","practice","ac9s2i06-p-024","Create a short findings card from this record: gentle tap—quiet sound; stronger tap—louder sound. Give it a title and a sentence comparing the sounds.","Adult review — spoken, written or practical response; see explanation for acceptance criteria.","Title: Comparing drum taps. Sentence: In our test, the stronger tap made a louder sound than the gentle tap.","Adult check: require a relevant title and accurate comparison of the two supplied results. Accept a labelled drawing plus dictated sentence. Do not require a claim about pitch."
"AC9S2I06","Communicating observations, findings and ideas","test","ac9s2i06-t-001","A report describes a sponge returning to its earlier shape after squeezing. Which sentence is clearest?","A. It did that thing again | B. After we squeezed the sponge, it returned to its earlier shape | C. The sponge is better than all other objects","B. After we squeezed the sponge, it returned to its earlier shape","A clear report names the object, action and observed result."
"AC9S2I06","Communicating observations, findings and ideas","test","ac9s2i06-t-002","A class records a low sound and a high sound. Which heading identifies what was compared?","A. Weight | B. Colour | C. Pitch","C. Pitch","High and low describe pitch in this sound comparison."
"AC9S2I06","Communicating observations, findings and ideas","test","ac9s2i06-t-003","A child writes 'Our strip was 7 long.' What should be added?","A. The measuring unit, such as blocks | B. The child's favourite number | C. A claim that every strip is 7 long","A. The measuring unit, such as blocks","A measurement needs a unit to make its meaning clear."
"AC9S2I06","Communicating observations, findings and ideas","test","ac9s2i06-t-004","The observations say foil folded and stayed in one piece. Which poster caption matches?","A. The foil melted into a liquid | B. The foil folded without breaking in our test | C. Every piece of foil can never break","B. The foil folded without breaking in our test","The caption should report the actual action and result without an unlimited claim."
"AC9S2I06","Communicating observations, findings and ideas","test","ac9s2i06-t-005","A poster explains a shaking test to another class. Which order makes its procedure clear?","A. Finally record the sound, first finish the report, next begin | B. Record the result before doing the test, then predict afterwards | C. First fill and close the sound maker, next shake it gently, finally record the sound","C. First fill and close the sound maker, next shake it gently, finally record the sound","A procedure should communicate the actual sequence from preparation to testing to recording."
"AC9S2I06","Communicating observations, findings and ideas","test","ac9s2i06-t-006","A prediction section should contain which sentence?","A. Before testing, we thought the card would bend | B. The card bent during the test | C. We measured the bent card afterwards","A. Before testing, we thought the card would bend","A prediction records what was expected before the observation."
"AC9S2I06","Communicating observations, findings and ideas","test","ac9s2i06-t-007","A child adds a diagram of a vibrating ruler. Which label helps explain its motion?","A. Changing into water | B. Moving back and forth | C. Becoming a different material","B. Moving back and forth","Back-and-forth movement describes vibration accurately."
"AC9S2I06","Communicating observations, findings and ideas","test","ac9s2i06-t-008","A class counted 2 short sounds and 5 long sounds. Which findings sentence is accurate?","A. We counted more short sounds than long sounds | B. We counted equal numbers of both sounds | C. We counted more long sounds than short sounds","C. We counted more long sounds than short sounds","Five is greater than two, so the reported comparison must favour long sounds."
"AC9S2I06","Communicating observations, findings and ideas","test","ac9s2i06-t-009","A report for younger pupils uses 'informal units'. Which explanation would help?","A. We measured with equal blocks instead of a ruler | B. We wrote numbers without measuring anything | C. We chose a different block size each time","A. We measured with equal blocks instead of a ruler","The explanation connects the term to a clear measuring method using consistent everyday units."
"AC9S2I06","Communicating observations, findings and ideas","test","ac9s2i06-t-010","A photo shows a shadow at 10 am. Which caption best identifies the observation?","A. A picture that we like | B. The post's shadow at 10 am on Tuesday | C. A shadow at every time of day","B. The post's shadow at 10 am on Tuesday","A specific object and observation time make the photo useful evidence."
"AC9S2I06","Communicating observations, findings and ideas","test","ac9s2i06-t-011","A group did not see the Moon because clouds covered its view. Which report is accurate?","A. The Moon disappeared from space | B. The Moon was definitely round that night | C. Clouds blocked our view, so we could not observe the Moon","C. Clouds blocked our view, so we could not observe the Moon","The report should explain the observation limit without inventing a Moon shape or disappearance."
"AC9S2I06","Communicating observations, findings and ideas","test","ac9s2i06-t-012","A child reports that a louder bell must have a higher pitch, but only loudness was compared. Which edit improves accuracy?","A. Say the bell sounded louder and remove the unsupported pitch claim | B. Replace louder with higher because they mean the same | C. Say both bells had equal pitch without checking","A. Say the bell sounded louder and remove the unsupported pitch claim","A communication should distinguish what was observed from what was not measured or compared."
"AC9S2I06","Communicating observations, findings and ideas","test","ac9s2i06-t-013","A science display shows a table but never names its objects. What would most help readers understand the results?","A. More colours without labels | B. Labels identifying each tested object | C. Larger spaces with the same missing names","B. Labels identifying each tested object","Readers need to know which result belongs to which object."
"AC9S2I06","Communicating observations, findings and ideas","test","ac9s2i06-t-014","A group wants to share both how a sound maker moved and what it sounded like. Which format can communicate both directly?","A. An unlabelled still photo alone | B. A list of object colours alone | C. A short labelled video with sound","C. A short labelled video with sound","A video with audio can show movement and sound, while a clear label identifies the demonstration."
"AC9S2I06","Communicating observations, findings and ideas","test","ac9s2i06-t-015","Write or dictate a short report using these notes: prediction—both papers will tear; result—thin paper tore, thick paper did not. Clearly separate the prediction and the finding.","Adult review — spoken, written or practical response; see explanation for acceptance criteria.","We predicted both papers would tear. In the test, the thin paper tore but the thick paper did not.","Adult check: require the original prediction and both actual results, with clear separation. Accept equivalent wording and dictation; do not grade spelling as science understanding."
"AC9S2I06","Communicating observations, findings and ideas","test","ac9s2i06-t-016","Create a labelled drawing and one sentence to share this observation with another class: the same post's shadow measured 6 blocks in the morning and 2 blocks at noon.","Adult review — spoken, written or practical response; see explanation for acceptance criteria.","Labelled morning and noon shadows of different lengths, with: The recorded shadow was shorter at noon, measuring 2 blocks instead of 6.","Adult check: require morning/noon labels, a longer morning representation, correct recorded lengths and a sentence communicating the comparison. Accept spoken captions or an adult scribe. Direction is not specified and must not be assessed."
