Year 1 Science Inquiry Skills | Questioning & Predicting Slides | AC9S1I01	Year-1-Science-Inquiry-Skills-Questioning-Predicting-Slides-AC9S1I01-17720276
Year 1 Handwriting Slides | AC9E1LY08 | Australian Curriculum v9	Year-1-Handwriting-Slides-AC9E1LY08-Australian-Curriculum-v9-17792767
Foundation English Oral Language Slides | AC9EFLA01 | Australian Curriculum v9	Foundation-English-Oral-Language-Slides-AC9EFLA01-Australian-Curriculum-v9-17856838
Foundation Safe Science Investigations | AC9SFI02 | Australian Curriculum v9	Foundation-Safe-Science-Investigations-AC9SFI02-Australian-Curriculum-v9-17842866
Foundation Science Questions and Predictions Slides | AC9SFI01	Foundation-Science-Questions-and-Predictions-Slides-AC9SFI01-17842475
Foundation Nature Observation Slides | AC9SFH01 | Australian Curriculum v9	Foundation-Nature-Observation-Slides-AC9SFH01-Australian-Curriculum-v9-17842350
Foundation How Objects Move Slides | AC9SFU02 | Australian Curriculum v9	Foundation-How-Objects-Move-Slides-AC9SFU02-Australian-Curriculum-v9-17813656
Foundation Plants & Animals Slides | AC9SFU01 | Australian Curriculum v9	Foundation-Plants-Animals-Slides-AC9SFU01-Australian-Curriculum-v9-17812573
Foundation Data Sorting Slides | AC9MFST01 | Australian Curriculum v9	Foundation-Data-Sorting-Slides-AC9MFST01-Australian-Curriculum-v9-17812026
Foundation Position & Directions | AC9MFSP02 | Australian Curriculum v9	Foundation-Position-Directions-AC9MFSP02-Australian-Curriculum-v9-17811759
Foundation Days and Times Slides | AC9MFM02 | Australian Curriculum v9	Foundation-Days-and-Times-Slides-AC9MFM02-Australian-Curriculum-v9-17811456
Foundation Counting & Comparing to 20 | AC9MFN03 | Australian Curriculum v9	Foundation-Counting-Comparing-to-20-AC9MFN03-Australian-Curriculum-v9-17803594
Year 1 Phoneme Manipulation Slides | AC9E1LY10 | Australian Curriculum v9	Year-1-Phoneme-Manipulation-Slides-AC9E1LY10-Australian-Curriculum-v9-17793855
Foundation Familiar Shapes Slides | AC9MFSP01 | Australian Curriculum v9	Foundation-Familiar-Shapes-Slides-AC9MFSP01-Australian-Curriculum-v9-17811158
Year 1 Phoneme Segmentation Slides | AC9E1LY09 | Australian Curriculum v9	Year-1-Phoneme-Segmentation-Slides-AC9E1LY09-Australian-Curriculum-v9-17793696
Year 1 Oral Presentation Slides | AC9E1LY07 | Australian Curriculum v9	Year-1-Oral-Presentation-Slides-AC9E1LY07-Australian-Curriculum-v9-17792524
Year 1 Science Data & Patterns | Sorting and Ordering Slides | AC9S1I04	Year-1-Science-Data-Patterns-Sorting-and-Ordering-Slides-AC9S1I04-17728279
Year 1 Science Investigations | Safety & Planning Slides | AC9S1I02	Year-1-Science-Investigations-Safety-Planning-Slides-AC9S1I02-17727914
Foundation Science Communication Slides | AC9SFI05 | Australian Curriculum v9	Foundation-Science-Communication-Slides-AC9SFI05-Australian-Curriculum-v9-17844340
Foundation Science Predictions & Observations | AC9SFI04 | Australian v9	Foundation-Science-Predictions-Observations-AC9SFI04-Australian-v9-17843715
Foundation Science Observations & Patterns | AC9SFI03 | Australian v9	Foundation-Science-Observations-Patterns-AC9SFI03-Australian-v9-17843349
Foundation Materials and Properties Slides | AC9SFU03 | Australian Curriculum v9	Foundation-Materials-and-Properties-Slides-AC9SFU03-Australian-Curriculum-v9-17840189
Foundation Repeating Patterns Slides | AC9MFA01 | Australian Curriculum v9	Foundation-Repeating-Patterns-Slides-AC9MFA01-Australian-Curriculum-v9-17810632
Foundation Joining and Taking Away | AC9MFN05 | Australian Curriculum v9	Foundation-Joining-and-Taking-Away-AC9MFN05-Australian-Curriculum-v9-17804195
Foundation Measurement Comparisons | AC9MFM01 | Australian Curriculum v9	Foundation-Measurement-Comparisons-AC9MFM01-Australian-Curriculum-v9-17804874
Foundation Fair Shares & Equal Groups | AC9MFN06 | Australian Curriculum v9	Foundation-Fair-Shares-Equal-Groups-AC9MFN06-Australian-Curriculum-v9-17804595
Foundation Parts and Wholes to 10 | AC9MFN04 | Australian Curriculum v9	Foundation-Parts-and-Wholes-to-10-AC9MFN04-Australian-Curriculum-v9-17803723
Foundation Subitising 0–5 Slides | AC9MFN02 | Australian Curriculum v9	Foundation-Subitising-05-Slides-AC9MFN02-Australian-Curriculum-v9-17802766
Foundation Numbers 0–20 Slides | AC9MFN01 | Australian Curriculum v9	Foundation-Numbers-020-Slides-AC9MFN01-Australian-Curriculum-v9-17802130
Year 1 High-Frequency Word Slides | AC9E1LY14 | Australian Curriculum v9	Year-1-High-Frequency-Word-Slides-AC9E1LY14-Australian-Curriculum-v9-17795150
Show & Explain Your Science | Year 1 Science Communication Lessons | AC9S1I06	Show-Explain-Your-Science-Year-1-Science-Communication-Lessons-AC9S1I06-17730055
Did It Match? | Year 1 Science Investigation Evaluation Slides | AC9S1I05	Did-It-Match-Year-1-Science-Investigation-Evaluation-Slides-AC9S1I05-17729544
Year 1 Science Observations | Measuring & Recording Slides | AC9S1I03	Year-1-Science-Observations-Measuring-Recording-Slides-AC9S1I03-17728068
Year 1 Word Families Slides | AC9E1LY15 | Australian Curriculum v9	Year-1-Word-Families-Slides-AC9E1LY15-Australian-Curriculum-v9-17795280
Year 1 Spelling Slides | AC9E1LY13 | Australian Curriculum v9	Year-1-Spelling-Slides-AC9E1LY13-Australian-Curriculum-v9-17794756
Year 1 Letters, Sounds & Syllables | AC9E1LY12 | Australian Curriculum v9	Year-1-Letters-Sounds-Syllables-AC9E1LY12-Australian-Curriculum-v9-17794632
Year 1 Phonics Word Building Slides | AC9E1LY11 | Australian Curriculum v9	Year-1-Phonics-Word-Building-Slides-AC9E1LY11-Australian-Curriculum-v9-17794524
Year 1 Writing and Editing Slides | AC9E1LY06 | Australian Curriculum v9	Year-1-Writing-and-Editing-Slides-AC9E1LY06-Australian-Curriculum-v9-17791625
Year 1 Rhyme, Rhythm & Alliteration Slides | AC9E1LE04 | Curriculum v9	Year-1-Rhyme-Rhythm-Alliteration-Slides-AC9E1LE04-Curriculum-v9-17744877
Foundation Numbers to 20 Worksheets | AC9MFN01 | Australian Curriculum v9	Foundation-Numbers-to-20-Worksheets-AC9MFN01-Australian-Curriculum-v9-17839947
FREE Year 5 Reading Comprehension | Australian Curriculum v9 Starter Pack	FREE-Year-5-Reading-Comprehension-Australian-Curriculum-v9-Starter-Pack-17728088
Year 1 Maths: Numbers to 120 6-Day Worksheets & Test | AC9M1N01	Year-1-Maths-Numbers-to-120-6-Day-Worksheets-Test-AC9M1N01-17864634
Year 3 Fractions Bundle | Workbook & Lesson Slides | AC9M3N02 Australian v9	Year-3-Fractions-Bundle-Workbook-Lesson-Slides-AC9M3N02-Australian-v9-17594471
